pi_B,beta,scheme,lat_p99_mean,lat_p99_ci,goodput_mean,goodput_ci,eff_payload_over_tx_mean,eff_payload_over_tx_ci,retransmissions_mean,retransmissions_ci
0.0,0.2,ShieldLink Mode A,47.0,0.0,0.888888888888889,1.0880185641326534e-16,0.888888888888889,1.0880185641326534e-16,0.0,0.0
0.0,0.2,Naive Stacking (secure),50.0,0.0,0.8648648648648649,0.0,0.8648648648648649,0.0,0.0,0.0
0.0,0.2,ShieldLink Mode B (M=32),1132.0,0.0,0.9134701159678859,0.0,0.9262777023971054,0.0,0.0,0.0
0.005,0.2,ShieldLink Mode A,47.0,0.0,0.8738760333536757,0.022093844924503548,0.8541154262834105,0.05135828149112825,737.2,1121.0948829354274
0.005,0.2,Naive Stacking (secure),50.0,0.0,0.8488098816940026,0.023719526391435954,0.831031225573048,0.049970219829205825,737.2,1121.0948829354274
0.005,0.2,ShieldLink Mode B (M=32),1609.7259999999987,464.9706984431876,0.9045355797034466,0.0037155636837148103,0.9167821022810365,0.003914328615221575,170.2,70.86260666952634
0.01,0.2,ShieldLink Mode A,47.0,0.0,0.8693755230236805,0.020669910931431393,0.8439691619264739,0.047915793554501325,934.0,1049.2824807076497
0.01,0.2,Naive Stacking (secure),50.0,0.0,0.8440670786315774,0.022180584012060984,0.8211591845771096,0.04662077210708237,934.0,1049.2824807076497
0.01,0.2,ShieldLink Mode B (M=32),1961.563999999999,181.89877763198228,0.8968134375838384,0.005241090697265732,0.9084612027005345,0.005551592402726242,322.4,102.68529600677985
0.02,0.2,ShieldLink Mode A,47.0,0.0,0.8666527767811217,0.01657858160286799,0.8384029111866054,0.039211204102627184,1027.6,842.8808119396241
0.02,0.2,Naive Stacking (secure),50.0,0.0,0.8412890402279375,0.017842177354337508,0.815743373046427,0.03815144182958322,1027.6,842.8808119396241
0.02,0.2,ShieldLink Mode B (M=32),2132.5879999999997,64.03595527956485,0.8839916557203378,0.007836290838054968,0.8946635531094447,0.008206899238953763,581.2,156.77231255550197
0.03,0.2,ShieldLink Mode A,47.0,0.0,0.864500792610959,0.007624063387649912,0.8340636120772051,0.019011209046797498,1086.4,397.63207448092004
0.03,0.2,Naive Stacking (secure),50.0,0.0,0.8391318231004643,0.00828896604025213,0.8115213522913347,0.01849739258607324,1086.4,397.63207448092004
0.03,0.2,ShieldLink Mode B (M=32),2253.9239999999995,57.6699738604552,0.8699086767758073,0.008427069374191794,0.8796086053866548,0.008869191770398977,872.2,174.7319938191057
0.04,0.2,ShieldLink Mode A,47.0,0.0,0.8678982302240676,0.005513939686120128,0.843489296382602,0.014182499397736338,887.0,294.48111301066496
0.04,0.2,Naive Stacking (secure),50.0,0.0,0.8429379392419811,0.0060348775159330195,0.8206922883722612,0.013799188603202934,887.0,294.48111301066496
0.04,0.2,ShieldLink Mode B (M=32),2307.3799999999997,71.94659464474942,0.8570969568038784,0.010227113274089743,0.8659556867760433,0.010826678270365151,1145.6,220.5175086382031
0.05,0.2,ShieldLink Mode A,55.4,16.464,0.8696622923356259,0.004134034373271512,0.8489957129274792,0.009784204336718567,772.2,194.81788722804689
0.05,0.2,Naive Stacking (secure),58.6,16.855999999999998,0.8449779945902254,0.004408380765792726,0.8260498828483582,0.009519766381672116,772.2,194.81788722804689
0.05,0.2,ShieldLink Mode B (M=32),2375.8319999999994,111.77674003923242,0.8475545166002345,0.010741037535286635,0.855681378126975,0.011328850661494003,1356.6,233.9263079176859
0.06,0.2,ShieldLink Mode A,67.5520000000004,18.42824311990697,0.8699056778718708,0.005644135985659242,0.8509733984822173,0.013699834010427115,734.6,274.6495065642755
0.06,0.2,Naive Stacking (secure),71.3180000000004,18.8489567127308,0.8453851560546509,0.006058732220451149,0.8279741174421572,0.013329568226361523,734.6,274.6495065642755
0.06,0.2,ShieldLink Mode B (M=32),2490.1119999999987,115.6866318541179,0.8350001784877398,0.009956048311141196,0.8423773824857479,0.01059421981747358,1636.8,228.91121856300532
0.07,0.2,ShieldLink Mode A,83.4,10.975999999999999,0.8681323120095211,0.005835965224918244,0.8480644138026452,0.014586069268681905,794.0,295.97946955827865
0.07,0.2,Naive Stacking (secure),87.6,10.584,0.843628484972033,0.006319553464378002,0.8251437539701412,0.014191851180339155,794.0,295.97946955827865
0.07,0.2,ShieldLink Mode B (M=32),2656.229999999998,122.02595650519453,0.8247683393777029,0.007699509589129068,0.8313676444084175,0.00820406634727587,1874.6,182.37017984308727
0.08,0.2,ShieldLink Mode A,89.0,0.0,0.8661381976948398,0.00671656372835548,0.8445870061870833,0.016373410381099174,866.2,336.6760868015428
0.08,0.2,Naive Stacking (secure),93.0,0.0,0.8416231059062342,0.007238424349214099,0.8217603303441893,0.015930885776204617,866.2,336.6760868015428
0.08,0.2,ShieldLink Mode B (M=32),2742.197999999999,95.66563303284136,0.8139391784103175,0.007286303607422479,0.8198093443986151,0.007811396633891578,2132.2,178.24193015112914
0.09,0.2,ShieldLink Mode A,89.0,0.0,0.8645306499144203,0.005836423554394883,0.8421068453403262,0.014275144706693478,915.4,295.2169931694312
0.09,0.2,Naive Stacking (secure),93.0,0.0,0.8400497957359576,0.006296997423851324,0.8193472008716688,0.013889329984890961,915.4,295.2169931694312
0.09,0.2,ShieldLink Mode B (M=32),2919.8779999999983,58.164065655613136,0.799448822333584,0.007530832766547851,0.8045473551949002,0.008058407952943278,2484.0,189.15472481542722
0.1,0.2,ShieldLink Mode A,89.0,0.0,0.8635274875014775,0.004704358557787048,0.8411664610935758,0.011366505506332331,932.8,232.85212454259462
0.1,0.2,Naive Stacking (secure),93.0,0.0,0.839135967710569,0.0050522601581167855,0.818432232415371,0.011059302654809835,932.8,232.85212454259462
0.1,0.2,ShieldLink Mode B (M=32),3061.757999999999,219.48486728612136,0.7860818344464631,0.010634092536111524,0.7904761956201529,0.011215291746533847,2822.2,270.77625225266706
